<?xml version="1.0" encoding="UTF-8"?>
<project-private xmlns="http://www.netbeans.org/ns/project-private/1">
    <editor-bookmarks xmlns="http://www.netbeans.org/ns/editor-bookmarks/2" lastBookmarkId="0"/>
    <open-files xmlns="http://www.netbeans.org/ns/projectui-open-files/2">
        <group>
            <file>file:/D:/CIDEADEntornos/Modificado/UnidadTrabajo3/DAM_ED03/DAM_ED03_Unif/ProgramasNetBeans/TableroBingoCajaBlanca/src/tablerobingocajablanca/Tablero.java</file>
            <file>file:/D:/CIDEADEntornos/Modificado/UnidadTrabajo3/DAM_ED03/DAM_ED03_Unif/ProgramasNetBeans/TableroBingoCajaBlanca/src/tablerobingocajablanca/Test.java</file>
        </group>
    </open-files>
</project-private>
